timestamp,model,model_key,embedding,variant,rule,seed,gqr_id_acc,acc_banking77,rej_banking77,conf_banking77,acc_finance_alpaca,rej_finance_alpaca,conf_finance_alpaca,acc_fiqa,rej_fiqa,conf_fiqa,acc_icliniq,rej_icliniq,conf_icliniq,acc_medquad,rej_medquad,conf_medquad,acc_med_flashcards,rej_med_flashcards,conf_med_flashcards,acc_legal_reddit,rej_legal_reddit,conf_legal_reddit,acc_legal_qa_v1,rej_legal_qa_v1,conf_legal_qa_v1,acc_legal_qa_ib,rej_legal_qa_ib,conf_legal_qa_ib,acc_law_mean,acc_finance_mean,acc_healthcare_mean,new_id_acc_mean
20260819_163651,XGBoost,xgb,baai,oe4,argmax,22,0.9933,0.8785,0.0793,"{""law"": 0.023, ""healthcare"": 0.019}",0.1312,0.8626,"{""law"": 0.004, ""healthcare"": 0.002}",0.986,0.007,"{""law"": 0.007, ""healthcare"": 0.0}",0.99,0.0067,"{""law"": 0.003, ""finance"": 0.0}",0.191,0.804,"{""law"": 0.0, ""finance"": 0.005}",0.1988,0.7711,"{""law"": 0.002, ""finance"": 0.028}",0.959,0.0033,"{""finance"": 0.002, ""healthcare"": 0.035}",0.8241,0.0481,"{""finance"": 0.098, ""healthcare"": 0.03}",0.8636,0.0233,"{""finance"": 0.011, ""healthcare"": 0.102}",0.8823,0.6652,0.4599,0.6691
20260819_163712,XGBoost,xgb,mini,oe4,argmax,22,0.99,0.761,0.1978,"{""law"": 0.028, ""healthcare"": 0.013}",0.1411,0.8453,"{""law"": 0.006, ""healthcare"": 0.007}",0.986,0.0105,"{""law"": 0.003, ""healthcare"": 0.0}",0.9911,0.0055,"{""law"": 0.001, ""finance"": 0.002}",0.433,0.545,"{""law"": 0.0, ""finance"": 0.022}",0.4066,0.5181,"{""law"": 0.005, ""finance"": 0.07}",0.9668,0.0122,"{""finance"": 0.004, ""healthcare"": 0.017}",0.771,0.0726,"{""finance"": 0.127, ""healthcare"": 0.03}",0.908,0.0421,"{""finance"": 0.011, ""healthcare"": 0.039}",0.8819,0.6294,0.6103,0.7072
20260819_163724,XGBoost,xgb,tf_idf,oe4,argmax,22,0.9732,0.7821,0.1586,"{""law"": 0.006, ""healthcare"": 0.053}",0.3453,0.6448,"{""law"": 0.005, ""healthcare"": 0.005}",0.8986,0.0944,"{""law"": 0.003, ""healthcare"": 0.003}",0.9989,0.0011,"{""law"": 0.0, ""finance"": 0.0}",0.001,0.739,"{""law"": 0.0, ""finance"": 0.26}",0.012,0.6396,"{""law"": 0.011, ""finance"": 0.337}",0.8726,0.0089,"{""finance"": 0.003, ""healthcare"": 0.115}",0.5859,0.1145,"{""finance"": 0.121, ""healthcare"": 0.179}",0.8193,0.0255,"{""finance"": 0.014, ""healthcare"": 0.141}",0.7593,0.6753,0.3373,0.5906
20260819_163724,XGBoost,xgb,baai,ctrl3,argmax,22,0.9974,0.9508,0.0,"{""law"": 0.024, ""healthcare"": 0.025}",0.8787,0.0,"{""law"": 0.061, ""healthcare"": 0.061}",0.9965,0.0,"{""law"": 0.003, ""healthcare"": 0.0}",0.9978,0.0,"{""law"": 0.002, ""finance"": 0.0}",0.846,0.0,"{""law"": 0.015, ""finance"": 0.139}",0.745,0.0,"{""law"": 0.02, ""finance"": 0.235}",0.9679,0.0,"{""finance"": 0.0, ""healthcare"": 0.032}",0.8303,0.0,"{""finance"": 0.141, ""healthcare"": 0.029}",0.8914,0.0,"{""finance"": 0.013, ""healthcare"": 0.095}",0.8965,0.942,0.8629,0.9005
20260819_163724,XGBoost,xgb,mini,ctrl3,argmax,22,0.996,0.9488,0.0,"{""law"": 0.032, ""healthcare"": 0.019}",0.8552,0.0,"{""law"": 0.108, ""healthcare"": 0.037}",0.993,0.0,"{""law"": 0.007, ""healthcare"": 0.0}",0.9911,0.0,"{""law"": 0.003, ""finance"": 0.006}",0.767,0.0,"{""law"": 0.0, ""finance"": 0.233}",0.5944,0.0,"{""law"": 0.007, ""finance"": 0.399}",0.9701,0.0,"{""finance"": 0.01, ""healthcare"": 0.02}",0.7832,0.0,"{""finance"": 0.18, ""healthcare"": 0.037}",0.9302,0.0,"{""finance"": 0.021, ""healthcare"": 0.049}",0.8945,0.9323,0.7842,0.8703
20260819_163725,XGBoost,xgb,tf_idf,ctrl3,argmax,22,0.9908,0.9347,0.0,"{""law"": 0.014, ""healthcare"": 0.051}",0.8923,0.0,"{""law"": 0.064, ""healthcare"": 0.043}",0.986,0.0,"{""law"": 0.01, ""healthcare"": 0.003}",0.9878,0.0,"{""law"": 0.001, ""finance"": 0.011}",0.0,0.0,"{""law"": 0.001, ""finance"": 0.999}",0.0281,0.0,"{""law"": 0.07, ""finance"": 0.902}",0.887,0.0,"{""finance"": 0.007, ""healthcare"": 0.106}",0.6472,0.0,"{""finance"": 0.196, ""healthcare"": 0.156}",0.8426,0.0,"{""finance"": 0.031, ""healthcare"": 0.126}",0.7923,0.9377,0.3386,0.6895
20260819_163804,SVM,svm,baai,oe4,argmax,22,0.9948,0.8775,0.1024,"{""law"": 0.015, ""healthcare"": 0.005}",0.1089,0.8849,"{""law"": 0.001, ""healthcare"": 0.005}",0.9895,0.007,"{""law"": 0.003, ""healthcare"": 0.0}",0.9967,0.0033,"{""law"": 0.0, ""finance"": 0.0}",0.211,0.787,"{""law"": 0.0, ""finance"": 0.002}",0.2681,0.7199,"{""law"": 0.0, ""finance"": 0.012}",0.9812,0.0022,"{""finance"": 0.001, ""healthcare"": 0.016}",0.8129,0.0665,"{""finance"": 0.101, ""healthcare"": 0.019}",0.8914,0.0244,"{""finance"": 0.019, ""healthcare"": 0.065}",0.8951,0.6586,0.4919,0.6819
20260819_163813,SVM,svm,mini,oe4,argmax,22,0.9908,0.7098,0.242,"{""law"": 0.037, ""healthcare"": 0.011}",0.099,0.8874,"{""law"": 0.009, ""healthcare"": 0.005}",0.9476,0.021,"{""law"": 0.031, ""healthcare"": 0.0}",0.9933,0.0067,"{""law"": 0.0, ""finance"": 0.0}",0.39,0.607,"{""law"": 0.0, ""finance"": 0.003}",0.3655,0.6195,"{""law"": 0.002, ""finance"": 0.013}",0.9668,0.0133,"{""finance"": 0.007, ""healthcare"": 0.013}",0.8221,0.0654,"{""finance"": 0.096, ""healthcare"": 0.016}",0.8947,0.0388,"{""finance"": 0.025, ""healthcare"": 0.041}",0.8945,0.5855,0.5829,0.6876
20260819_163823,SVM,svm,tf_idf,oe4,argmax,22,0.9842,0.5974,0.1606,"{""law"": 0.099, ""healthcare"": 0.143}",0.1312,0.8465,"{""law"": 0.017, ""healthcare"": 0.005}",0.9231,0.049,"{""law"": 0.028, ""healthcare"": 0.0}",0.99,0.0044,"{""law"": 0.003, ""finance"": 0.002}",0.013,0.969,"{""law"": 0.0, ""finance"": 0.018}",0.0301,0.9036,"{""law"": 0.009, ""finance"": 0.057}",0.9391,0.0044,"{""finance"": 0.006, ""healthcare"": 0.051}",0.7076,0.1074,"{""finance"": 0.1, ""healthcare"": 0.085}",0.867,0.0288,"{""finance"": 0.002, ""healthcare"": 0.102}",0.8379,0.5506,0.3444,0.5776
20260819_163841,SVM,svm,baai,ctrl3,argmax,22,0.9987,0.9699,0.0,"{""law"": 0.015, ""healthcare"": 0.015}",0.7673,0.0,"{""law"": 0.052, ""healthcare"": 0.181}",0.9965,0.0,"{""law"": 0.003, ""healthcare"": 0.0}",1.0,0.0,"{""law"": 0.0, ""finance"": 0.0}",0.985,0.0,"{""law"": 0.002, ""finance"": 0.013}",0.9548,0.0,"{""law"": 0.004, ""finance"": 0.041}",0.9834,0.0,"{""finance"": 0.001, ""healthcare"": 0.016}",0.8231,0.0,"{""finance"": 0.155, ""healthcare"": 0.021}",0.9047,0.0,"{""finance"": 0.022, ""healthcare"": 0.073}",0.9037,0.9112,0.9799,0.9316
20260819_163842,SVM,svm,mini,ctrl3,argmax,22,0.9956,0.8966,0.0,"{""law"": 0.059, ""healthcare"": 0.044}",0.6906,0.0,"{""law"": 0.176, ""healthcare"": 0.134}",0.965,0.0,"{""law"": 0.035, ""healthcare"": 0.0}",0.9978,0.0,"{""law"": 0.002, ""finance"": 0.0}",0.973,0.0,"{""law"": 0.002, ""finance"": 0.025}",0.8996,0.0,"{""law"": 0.011, ""finance"": 0.089}",0.9779,0.0,"{""finance"": 0.007, ""healthcare"": 0.016}",0.8528,0.0,"{""finance"": 0.126, ""healthcare"": 0.021}",0.9257,0.0,"{""finance"": 0.032, ""healthcare"": 0.042}",0.9188,0.8507,0.9568,0.9088
20260819_163845,SVM,svm,tf_idf,ctrl3,argmax,22,0.9917,0.745,0.0,"{""law"": 0.118, ""healthcare"": 0.137}",0.7302,0.0,"{""law"": 0.235, ""healthcare"": 0.035}",0.9685,0.0,"{""law"": 0.028, ""healthcare"": 0.003}",0.9933,0.0,"{""law"": 0.003, ""finance"": 0.003}",0.09,0.0,"{""law"": 0.0, ""finance"": 0.91}",0.1928,0.0,"{""law"": 0.152, ""finance"": 0.656}",0.9391,0.0,"{""finance"": 0.007, ""healthcare"": 0.054}",0.7505,0.0,"{""finance"": 0.165, ""healthcare"": 0.085}",0.8758,0.0,"{""finance"": 0.019, ""healthcare"": 0.105}",0.8551,0.8146,0.4254,0.6984
20260819_163935,fastText,fasttext,own,oe4,argmax,22,0.9917,0.6566,0.1255,"{""law"": 0.082, ""healthcare"": 0.136}",0.2017,0.7525,"{""law"": 0.024, ""healthcare"": 0.022}",0.9301,0.0455,"{""law"": 0.024, ""healthcare"": 0.0}",0.9967,0.0,"{""law"": 0.002, ""finance"": 0.001}",0.079,0.908,"{""law"": 0.0, ""finance"": 0.013}",0.1345,0.7088,"{""law"": 0.018, ""finance"": 0.139}",0.9646,0.0033,"{""finance"": 0.002, ""healthcare"": 0.03}",0.7331,0.0706,"{""finance"": 0.117, ""healthcare"": 0.08}",0.9124,0.02,"{""finance"": 0.002, ""healthcare"": 0.065}",0.87,0.5961,0.4034,0.6232
20260819_163935,fastText,fasttext,own,ctrl3,argmax,22,0.995,0.8343,0.0,"{""law"": 0.052, ""healthcare"": 0.113}",0.6832,0.0,"{""law"": 0.182, ""healthcare"": 0.135}",0.965,0.0,"{""law"": 0.028, ""healthcare"": 0.007}",0.9967,0.0,"{""law"": 0.001, ""finance"": 0.002}",0.332,0.0,"{""law"": 0.0, ""finance"": 0.668}",0.3614,0.0,"{""law"": 0.055, ""finance"": 0.583}",0.9623,0.0,"{""finance"": 0.006, ""healthcare"": 0.032}",0.7515,0.0,"{""finance"": 0.168, ""healthcare"": 0.081}",0.9157,0.0,"{""finance"": 0.011, ""healthcare"": 0.073}",0.8765,0.8275,0.5634,0.7558
20260819_164017,WideMLP,widemlp,own,oe4,argmax,22,0.9918,0.7149,0.1325,"{""law"": 0.053, ""healthcare"": 0.099}",0.2228,0.724,"{""law"": 0.043, ""healthcare"": 0.01}",0.9755,0.0175,"{""law"": 0.007, ""healthcare"": 0.0}",0.9911,0.0022,"{""law"": 0.002, ""finance"": 0.004}",0.011,0.987,"{""law"": 0.0, ""finance"": 0.002}",0.0673,0.7751,"{""law"": 0.001, ""finance"": 0.157}",0.9767,0.0022,"{""finance"": 0.003, ""healthcare"": 0.018}",0.6738,0.1339,"{""finance"": 0.09, ""healthcare"": 0.102}",0.9324,0.0022,"{""finance"": 0.003, ""healthcare"": 0.062}",0.861,0.6377,0.3565,0.6184
20260819_164020,WideMLP,widemlp,own,ctrl3,argmax,22,0.9963,0.8554,0.0,"{""law"": 0.045, ""healthcare"": 0.099}",0.7129,0.0,"{""law"": 0.226, ""healthcare"": 0.061}",0.993,0.0,"{""law"": 0.007, ""healthcare"": 0.0}",0.9911,0.0,"{""law"": 0.002, ""finance"": 0.007}",0.12,0.0,"{""law"": 0.0, ""finance"": 0.88}",0.1315,0.0,"{""law"": 0.007, ""finance"": 0.861}",0.9801,0.0,"{""finance"": 0.006, ""healthcare"": 0.014}",0.7137,0.0,"{""finance"": 0.191, ""healthcare"": 0.095}",0.9368,0.0,"{""finance"": 0.008, ""healthcare"": 0.055}",0.8769,0.8538,0.4142,0.715
20260819_164102,BERT-multilingual,bert,own,oe4,argmax,22,0.9964,0.7721,0.2179,"{""law"": 0.003, ""healthcare"": 0.007}",0.1312,0.8676,"{""law"": 0.001, ""healthcare"": 0.0}",0.9825,0.0175,"{""law"": 0.0, ""healthcare"": 0.0}",0.9989,0.0011,"{""law"": 0.0, ""finance"": 0.0}",0.001,0.996,"{""law"": 0.0, ""finance"": 0.003}",0.0211,0.9558,"{""law"": 0.001, ""finance"": 0.022}",0.9679,0.0177,"{""finance"": 0.003, ""healthcare"": 0.011}",0.545,0.2566,"{""finance"": 0.143, ""healthcare"": 0.055}",0.4579,0.3625,"{""finance"": 0.021, ""healthcare"": 0.159}",0.6569,0.6286,0.3403,0.5419
20260819_164113,BERT-multilingual,bert,own,ctrl3,argmax,22,0.9991,0.9729,0.0,"{""law"": 0.007, ""healthcare"": 0.02}",0.7871,0.0,"{""law"": 0.073, ""healthcare"": 0.14}",1.0,0.0,"{""law"": 0.0, ""healthcare"": 0.0}",1.0,0.0,"{""law"": 0.0, ""finance"": 0.0}",0.585,0.0,"{""law"": 0.0, ""finance"": 0.415}",0.75,0.0,"{""law"": 0.0, ""finance"": 0.25}",0.9668,0.0,"{""finance"": 0.008, ""healthcare"": 0.025}",0.728,0.0,"{""finance"": 0.195, ""healthcare"": 0.077}",0.7993,0.0,"{""finance"": 0.038, ""healthcare"": 0.163}",0.8314,0.92,0.7783,0.8432
20260819_164204,ModernBERT,modernbert,own,oe4,argmax,22,0.9974,0.8795,0.0994,"{""law"": 0.0, ""healthcare"": 0.021}",0.0866,0.9121,"{""law"": 0.0, ""healthcare"": 0.001}",0.993,0.007,"{""law"": 0.0, ""healthcare"": 0.0}",0.9967,0.0033,"{""law"": 0.0, ""finance"": 0.0}",0.017,0.976,"{""law"": 0.0, ""finance"": 0.007}",0.0221,0.9558,"{""law"": 0.001, ""finance"": 0.021}",0.9878,0.0022,"{""finance"": 0.002, ""healthcare"": 0.008}",0.3885,0.2485,"{""finance"": 0.177, ""healthcare"": 0.186}",0.5942,0.1031,"{""finance"": 0.028, ""healthcare"": 0.275}",0.6569,0.6531,0.3453,0.5518
20260819_164245,ModernBERT,modernbert,own,ctrl3,argmax,22,0.9998,0.9809,0.0,"{""law"": 0.003, ""healthcare"": 0.016}",0.7785,0.0,"{""law"": 0.145, ""healthcare"": 0.077}",1.0,0.0,"{""law"": 0.0, ""healthcare"": 0.0}",0.9967,0.0,"{""law"": 0.0, ""finance"": 0.003}",0.821,0.0,"{""law"": 0.0, ""finance"": 0.179}",0.5723,0.0,"{""law"": 0.003, ""finance"": 0.425}",0.9978,0.0,"{""finance"": 0.001, ""healthcare"": 0.001}",0.6585,0.0,"{""finance"": 0.235, ""healthcare"": 0.106}",0.8381,0.0,"{""finance"": 0.035, ""healthcare"": 0.126}",0.8315,0.9198,0.7967,0.8493
