timestamp,model,model_key,embedding,variant,rule,seed,tau,id_acc,gqr_bench_ood_acc,gqr_bench,new_ood_acc,gqr_new,acc_trec,acc_agnews_ws,acc_rotten_tomatoes,acc_codealpaca,acc_gsm8k,acc_yahoo_se,acc_tweets,banking77_reject,banking77_finance,banking77_law,banking77_healthcare
20260819_160636,XGBoost,xgb,baai,oe4,argmax,22,,0.9933,0.863,0.9236,0.8748,0.9303,0.9597,0.913,0.996,0.8639,0.756,0.9009,0.734,0.0714,0.8854,0.0191,0.0241
20260819_160636,XGBoost,xgb,baai,oe4,tau,22,0.03327,0.9776,0.9593,0.9683,0.9555,0.9664,0.9859,0.984,1.0,0.969,0.895,0.968,0.887,0.2482,0.7226,0.0121,0.0171
20260819_160643,XGBoost,xgb,mini,oe4,argmax,22,,0.99,0.9042,0.9452,0.9291,0.9586,0.9597,0.899,0.984,0.9259,0.878,0.9429,0.914,0.201,0.7698,0.0191,0.0101
20260819_160643,XGBoost,xgb,mini,oe4,tau,22,0.10949,0.9792,0.9594,0.9692,0.9727,0.9759,0.9758,0.96,0.993,0.976,0.962,0.986,0.956,0.3417,0.6392,0.0131,0.006
20260819_160644,XGBoost,xgb,tf_idf,oe4,argmax,22,,0.9732,0.7499,0.8471,0.7423,0.8422,0.9375,0.932,0.77,0.7427,0.66,0.6396,0.514,0.1648,0.7769,0.003,0.0553
20260819_160644,XGBoost,xgb,tf_idf,oe4,tau,22,0.45285,0.9702,0.7628,0.8541,0.7526,0.8476,0.9496,0.931,0.8,0.7718,0.634,0.6486,0.533,0.1839,0.7548,0.004,0.0573
20260819_160644,XGBoost,xgb,baai,ctrl3,argmax,22,,0.9974,0.0,0.0,0.0,0.0,0.0,0.0,0.0,0.0,0.0,0.0,0.0,0.0,0.9417,0.0261,0.0322
20260819_160644,XGBoost,xgb,baai,ctrl3,msp,22,0.98674,0.9768,0.6638,0.7905,0.6257,0.7628,0.7702,0.702,0.509,0.3103,0.772,0.7548,0.562,0.192,0.803,0.0,0.005
20260819_160644,XGBoost,xgb,mini,ctrl3,argmax,22,,0.996,0.0,0.0,0.0,0.0,0.0,0.0,0.0,0.0,0.0,0.0,0.0,0.0,0.9568,0.0291,0.0141
20260819_160644,XGBoost,xgb,mini,ctrl3,msp,22,0.98711,0.9801,0.5958,0.7411,0.6371,0.7722,0.4194,0.688,0.665,0.5546,0.815,0.5526,0.765,0.1538,0.8342,0.009,0.003
20260819_160645,XGBoost,xgb,tf_idf,ctrl3,argmax,22,,0.9908,0.0,0.0,0.0,0.0,0.0,0.0,0.0,0.0,0.0,0.0,0.0,0.0,0.9427,0.003,0.0543
20260819_160645,XGBoost,xgb,tf_idf,ctrl3,msp,22,0.80359,0.9787,0.1199,0.2136,0.3147,0.4762,0.0181,0.635,0.343,0.2472,0.516,0.2312,0.212,0.1085,0.8673,0.002,0.0221
20260819_160727,SVM,svm,baai,oe4,argmax,22,,0.9948,0.8728,0.9298,0.8972,0.9435,0.9637,0.965,0.999,0.955,0.81,0.9049,0.683,0.0864,0.8915,0.0161,0.006
20260819_160727,SVM,svm,baai,oe4,tau,22,0.07016,0.9819,0.962,0.9719,0.967,0.9744,0.9899,0.993,1.0,0.992,0.949,0.97,0.875,0.2955,0.6945,0.009,0.001
20260819_160736,SVM,svm,mini,oe4,argmax,22,,0.9908,0.9174,0.9527,0.9485,0.9692,0.9597,0.937,0.994,0.97,0.928,0.968,0.883,0.2261,0.7146,0.0462,0.0131
20260819_160736,SVM,svm,mini,oe4,tau,22,0.13222,0.9804,0.971,0.9757,0.9797,0.98,0.9758,0.979,0.998,0.995,0.977,0.988,0.945,0.3658,0.594,0.0352,0.005
20260819_160747,SVM,svm,tf_idf,oe4,argmax,22,,0.9842,0.8709,0.9241,0.8658,0.9212,0.9657,0.958,0.921,0.9179,0.821,0.7898,0.687,0.1568,0.597,0.1025,0.1437
20260819_160747,SVM,svm,tf_idf,oe4,tau,22,0.21405,0.975,0.9154,0.9443,0.9164,0.9448,0.9778,0.974,0.954,0.961,0.89,0.8609,0.797,0.2623,0.5126,0.0925,0.1327
20260819_160748,SVM,svm,baai,ctrl3,argmax,22,,0.9987,0.0,0.0,0.0,0.0,0.0,0.0,0.0,0.0,0.0,0.0,0.0,0.0,0.9698,0.0161,0.0141
20260819_160748,SVM,svm,baai,ctrl3,msp,22,0.99472,0.9772,0.7912,0.8744,0.8291,0.8971,0.8569,0.85,0.9,0.6507,0.955,0.9169,0.674,0.3065,0.6935,0.0,0.0
20260819_160750,SVM,svm,mini,ctrl3,argmax,22,,0.9956,0.0,0.0,0.0,0.0,0.0,0.0,0.0,0.0,0.0,0.0,0.0,0.0,0.8925,0.0623,0.0452
20260819_160750,SVM,svm,mini,ctrl3,msp,22,0.95225,0.9763,0.7166,0.8265,0.7883,0.8723,0.5887,0.796,0.861,0.8398,0.919,0.7918,0.722,0.3558,0.6291,0.006,0.009
20260819_160757,SVM,svm,tf_idf,ctrl3,argmax,22,,0.9917,0.0,0.0,0.0,0.0,0.0,0.0,0.0,0.0,0.0,0.0,0.0,0.0,0.7407,0.1206,0.1387
20260819_160757,SVM,svm,tf_idf,ctrl3,msp,22,0.90559,0.9747,0.3269,0.4896,0.6435,0.7752,0.2601,0.813,0.745,0.6627,0.748,0.5916,0.684,0.406,0.5176,0.0302,0.0462
20260819_160831,fastText,fasttext,own,oe4,argmax,22,,0.9917,0.7032,0.8229,0.7292,0.8404,0.9657,0.708,0.99,0.8148,0.557,0.6827,0.386,0.1166,0.6824,0.0693,0.1317
20260819_160831,fastText,fasttext,own,oe4,tau,22,0.01213,0.9801,0.8806,0.9277,0.8781,0.9263,0.9919,0.93,0.998,0.9459,0.84,0.8408,0.6,0.2633,0.5638,0.0593,0.1136
20260819_160831,fastText,fasttext,own,ctrl3,argmax,22,,0.995,0.0,0.0,0.0,0.0,0.0,0.0,0.0,0.0,0.0,0.0,0.0,0.0,0.8442,0.0472,0.1085
20260819_160831,fastText,fasttext,own,ctrl3,msp,22,0.99034,0.9761,0.4085,0.576,0.5229,0.681,0.1573,0.67,0.684,0.5946,0.683,0.4895,0.382,0.206,0.7286,0.0121,0.0533
20260819_160909,WideMLP,widemlp,own,oe4,argmax,22,,0.9918,0.7448,0.8507,0.7475,0.8525,0.9919,0.856,0.99,0.6757,0.593,0.7187,0.407,0.1377,0.7095,0.0623,0.0905
20260819_160909,WideMLP,widemlp,own,oe4,tau,22,0.18217,0.9816,0.8931,0.9353,0.8707,0.9228,1.0,0.955,0.999,0.8539,0.772,0.8478,0.667,0.2834,0.5829,0.0593,0.0744
20260819_160911,WideMLP,widemlp,own,ctrl3,argmax,22,,0.9963,0.0,0.0,0.0,0.0,0.0,0.0,0.0,0.0,0.0,0.0,0.0,0.0,0.8573,0.0523,0.0905
20260819_160911,WideMLP,widemlp,own,ctrl3,msp,22,0.90827,0.9794,0.7744,0.8649,0.8426,0.9059,0.7218,0.975,0.92,0.7778,0.914,0.8008,0.789,0.3668,0.6121,0.005,0.0161
20260819_160955,BERT-multilingual,bert,own,oe4,argmax,22,,0.9964,0.5457,0.7052,0.8305,0.9059,0.9758,0.699,0.963,0.959,0.96,0.6917,0.565,0.2211,0.7628,0.003,0.0131
20260819_160955,BERT-multilingual,bert,own,oe4,tau,22,0.00769,0.9783,0.8424,0.9053,0.9257,0.9513,0.998,0.851,0.986,0.994,0.994,0.8529,0.804,0.5407,0.4533,0.002,0.004
20260819_161005,BERT-multilingual,bert,own,ctrl3,argmax,22,,0.9991,0.0,0.0,0.0,0.0,0.0,0.0,0.0,0.0,0.0,0.0,0.0,0.0,0.9648,0.004,0.0312
20260819_161005,BERT-multilingual,bert,own,ctrl3,msp,22,0.99947,0.9812,0.6968,0.8149,0.7319,0.8384,0.2016,0.821,0.943,0.7608,0.902,0.7207,0.774,0.2492,0.7497,0.0,0.001
20260819_161118,ModernBERT,modernbert,own,oe4,argmax,22,,0.9974,0.4285,0.5995,0.8519,0.919,0.9839,0.99,0.986,0.951,0.937,0.8258,0.29,0.1005,0.8693,0.0,0.0302
20260819_161118,ModernBERT,modernbert,own,oe4,tau,22,0.01067,0.9806,0.7156,0.8274,0.9314,0.9554,0.998,0.997,1.0,0.995,0.99,0.9239,0.616,0.2633,0.7236,0.0,0.0131
20260819_161156,ModernBERT,modernbert,own,ctrl3,argmax,22,,0.9998,0.0,0.0,0.0,0.0,0.0,0.0,0.0,0.0,0.0,0.0,0.0,0.0,0.9799,0.001,0.0191
20260819_161156,ModernBERT,modernbert,own,ctrl3,msp,22,0.99997,0.9822,0.7028,0.8194,0.9381,0.9597,0.871,0.989,0.951,0.9389,0.985,0.9369,0.895,0.2804,0.7196,0.0,0.0
