timestamp,bg,model_key,embedding,fold,held_out,n_train,train_time_s,acc_law,rej_law,acc_finance,rej_finance,acc_healthcare,rej_healthcare,heldout_id_acc,new_ood_acc,ood_trec,ood_agnews_ws,ood_rotten_tomatoes,ood_codealpaca,ood_gsm8k,ood_yahoo_se,ood_tweets,hmean,gqr_ood_acc
20260819_172657,v2,svm,mini,0,"{""law"": ""gqr"", ""finance"": ""gqr"", ""healthcare"": ""gqr""}",35524,12.0,0.9421,0.0318,0.8325,0.067,0.9836,0.0095,0.9194,0.8487,0.835,0.879,0.966,0.624,0.8,0.9549,0.8819,0.8826,0.8891
20260819_172733,v2,svm,mini,1,"{""law"": ""legal_reddit"", ""finance"": ""banking77"", ""healthcare"": ""icliniq""}",35603,12.9,0.9823,0.0024,0.6007,0.2439,0.9906,0.007,0.8579,0.8406,0.833,0.854,0.958,0.6008,0.804,0.9459,0.8889,0.8492,
20260819_172757,v2,svm,mini,2,"{""law"": ""legal_qa_v1"", ""finance"": ""fin_instruct"", ""healthcare"": ""medquad""}",35573,10.5,0.8751,0.0366,0.7807,0.2104,0.9693,0.0267,0.8751,0.9158,0.8531,0.87,0.983,0.9688,0.908,0.9449,0.8829,0.895,
20260819_172819,v2,svm,mini,3,"{""law"": ""legal_qa_ib"", ""finance"": ""reddit_finance"", ""healthcare"": ""med_flashcards""}",35929,11.4,0.9595,0.0195,0.6782,0.1138,0.7647,0.227,0.8008,0.8548,0.8692,0.871,0.973,0.5837,0.826,0.9609,0.8999,0.8269,
20260819_173415,v1,svm,mini,0,"{""law"": ""gqr"", ""finance"": ""gqr"", ""healthcare"": ""gqr""}",35530,12.8,0.9049,0.0716,0.7676,0.135,0.9823,0.0095,0.8849,0.8102,0.8609,0.936,0.98,0.5435,0.599,0.9359,0.816,0.8459,0.8487
20260819_173453,v1,svm,mini,1,"{""law"": ""legal_reddit"", ""finance"": ""banking77"", ""healthcare"": ""icliniq""}",35607,14.1,0.9837,0.0007,0.6529,0.1704,0.9906,0.0059,0.8757,0.817,0.8508,0.912,0.973,0.5165,0.665,0.9369,0.865,0.8453,
20260819_173519,v1,svm,mini,2,"{""law"": ""legal_qa_v1"", ""finance"": ""fin_instruct"", ""healthcare"": ""medquad""}",35580,11.8,0.8688,0.0437,0.7642,0.2259,0.966,0.0303,0.8663,0.92,0.879,0.925,0.986,0.968,0.918,0.9379,0.826,0.8923,
20260819_173543,v1,svm,mini,3,"{""law"": ""legal_qa_ib"", ""finance"": ""reddit_finance"", ""healthcare"": ""med_flashcards""}",35930,12.2,0.9629,0.0149,0.6209,0.186,0.7332,0.2571,0.7724,0.8315,0.8931,0.932,0.984,0.4885,0.684,0.954,0.885,0.8009,
20260819_174338,v2,svm,baai,0,"{""law"": ""gqr"", ""finance"": ""gqr"", ""healthcare"": ""gqr""}",35524,7.7,0.9548,0.0251,0.8833,0.0304,0.9768,0.0098,0.9383,0.8244,0.8491,0.903,0.991,0.494,0.706,0.9469,0.8809,0.8777,0.91
20260819_174401,v2,svm,baai,1,"{""law"": ""legal_reddit"", ""finance"": ""banking77"", ""healthcare"": ""icliniq""}",35603,7.8,0.9864,0.0017,0.712,0.1694,0.9941,0.0038,0.8975,0.8056,0.8431,0.856,0.984,0.4335,0.687,0.9429,0.8929,0.8491,
20260819_174416,v2,svm,baai,2,"{""law"": ""legal_qa_v1"", ""finance"": ""fin_instruct"", ""healthcare"": ""medquad""}",35573,6.1,0.8599,0.0366,0.7836,0.2069,0.9733,0.025,0.8723,0.8916,0.8652,0.877,0.997,0.9506,0.74,0.9379,0.8739,0.8818,
20260819_174429,v2,svm,baai,3,"{""law"": ""legal_qa_ib"", ""finance"": ""reddit_finance"", ""healthcare"": ""med_flashcards""}",35929,6.1,0.9556,0.0218,0.2597,0.2462,0.7901,0.2016,0.6685,0.8242,0.8753,0.882,0.978,0.4516,0.728,0.9589,0.8959,0.7382,
20260819_175139,v1,svm,baai,0,"{""law"": ""gqr"", ""finance"": ""gqr"", ""healthcare"": ""gqr""}",35530,7.7,0.9478,0.0328,0.7706,0.1458,0.9774,0.0072,0.8986,0.7669,0.877,0.97,0.998,0.2763,0.648,0.8869,0.712,0.8275,0.8234
20260819_175203,v1,svm,baai,1,"{""law"": ""legal_reddit"", ""finance"": ""banking77"", ""healthcare"": ""icliniq""}",35607,8.6,0.9875,0.0003,0.7661,0.0778,0.9948,0.0024,0.9161,0.7649,0.8629,0.94,0.997,0.2593,0.607,0.8879,0.8,0.8337,
20260819_175219,v1,svm,baai,2,"{""law"": ""legal_qa_v1"", ""finance"": ""fin_instruct"", ""healthcare"": ""medquad""}",35580,6.4,0.8464,0.0543,0.7684,0.2227,0.964,0.034,0.8596,0.8781,0.8952,0.956,0.997,0.969,0.737,0.8589,0.734,0.8688,
20260819_175233,v1,svm,baai,3,"{""law"": ""legal_qa_ib"", ""finance"": ""reddit_finance"", ""healthcare"": ""med_flashcards""}",35930,6.8,0.961,0.016,0.2351,0.2465,0.7359,0.2538,0.644,0.7915,0.8931,0.962,0.998,0.2593,0.688,0.9219,0.818,0.7102,
20260819_180600,v2,xgb,baai,0,"{""law"": ""gqr"", ""finance"": ""gqr"", ""healthcare"": ""gqr""}",35524,4.3,0.9002,0.072,0.8779,0.0463,0.9836,0.0072,0.9206,0.8382,0.8229,0.921,0.991,0.5968,0.713,0.9479,0.8749,0.8775,0.8937
20260819_180605,v2,xgb,baai,1,"{""law"": ""legal_reddit"", ""finance"": ""banking77"", ""healthcare"": ""icliniq""}",35603,4.4,0.9854,0.0024,0.6529,0.1858,0.9889,0.0063,0.8757,0.8282,0.833,0.876,0.983,0.5948,0.685,0.9469,0.8789,0.8513,
20260819_180609,v2,xgb,baai,2,"{""law"": ""legal_qa_v1"", ""finance"": ""fin_instruct"", ""healthcare"": ""medquad""}",35573,4.2,0.8459,0.0441,0.779,0.2111,0.9657,0.0323,0.8635,0.8986,0.8712,0.905,0.995,0.9425,0.755,0.9529,0.8689,0.8807,
20260819_180613,v2,xgb,baai,3,"{""law"": ""legal_qa_ib"", ""finance"": ""reddit_finance"", ""healthcare"": ""med_flashcards""}",35929,4.3,0.953,0.0237,0.4163,0.2405,0.7881,0.2003,0.7191,0.8367,0.8732,0.903,0.994,0.5131,0.735,0.9579,0.8809,0.7735,
20260819_180748,v1,xgb,mini,0,"{""law"": ""gqr"", ""finance"": ""gqr"", ""healthcare"": ""gqr""}",35530,4.4,0.8862,0.0927,0.7223,0.1908,0.9742,0.0144,0.8609,0.869,0.8669,0.93,0.979,0.7758,0.773,0.9399,0.818,0.8649,0.8685
20260819_180753,v1,xgb,mini,1,"{""law"": ""legal_reddit"", ""finance"": ""banking77"", ""healthcare"": ""icliniq""}",35607,4.4,0.9819,0.0028,0.6709,0.1988,0.983,0.0108,0.8786,0.8606,0.8569,0.894,0.973,0.7337,0.746,0.9399,0.881,0.8695,
20260819_180757,v1,xgb,mini,2,"{""law"": ""legal_qa_v1"", ""finance"": ""fin_instruct"", ""healthcare"": ""medquad""}",35580,4.5,0.7938,0.0875,0.7447,0.2457,0.9527,0.0437,0.8304,0.9229,0.8831,0.911,0.987,0.956,0.928,0.9429,0.852,0.8742,
20260819_180802,v1,xgb,mini,3,"{""law"": ""legal_qa_ib"", ""finance"": ""reddit_finance"", ""healthcare"": ""med_flashcards""}",35930,4.5,0.9557,0.0237,0.3424,0.3844,0.7886,0.1896,0.6956,0.851,0.8871,0.926,0.981,0.6507,0.683,0.9499,0.879,0.7655,
20260819_180935,v1,xgb,baai,0,"{""law"": ""gqr"", ""finance"": ""gqr"", ""healthcare"": ""gqr""}",35530,4.3,0.9046,0.066,0.776,0.139,0.9833,0.0052,0.888,0.7697,0.8448,0.963,0.994,0.3844,0.69,0.8649,0.647,0.8246,0.7832
20260819_180939,v1,xgb,baai,1,"{""law"": ""legal_reddit"", ""finance"": ""banking77"", ""healthcare"": ""icliniq""}",35607,4.4,0.9875,0.0007,0.718,0.0688,0.9903,0.0035,0.8986,0.7693,0.8629,0.928,0.99,0.3644,0.641,0.8889,0.71,0.8289,
20260819_180943,v1,xgb,baai,2,"{""law"": ""legal_qa_v1"", ""finance"": ""fin_instruct"", ""healthcare"": ""medquad""}",35580,4.3,0.844,0.0607,0.7684,0.2188,0.9513,0.047,0.8546,0.8644,0.8931,0.95,0.997,0.8989,0.745,0.8769,0.69,0.8595,
20260819_180948,v1,xgb,baai,3,"{""law"": ""legal_qa_ib"", ""finance"": ""reddit_finance"", ""healthcare"": ""med_flashcards""}",35930,4.4,0.9526,0.016,0.4172,0.2223,0.7629,0.225,0.7109,0.7889,0.8891,0.938,0.995,0.3083,0.689,0.9189,0.784,0.7479,
20260819_181213,v2,xgb,mini,0,"{""law"": ""gqr"", ""finance"": ""gqr"", ""healthcare"": ""gqr""}",35524,4.5,0.9233,0.0549,0.8095,0.1039,0.9728,0.0173,0.9019,0.9014,0.8491,0.887,0.967,0.871,0.884,0.9599,0.8919,0.9016,0.895
20260819_181218,v2,xgb,mini,1,"{""law"": ""legal_reddit"", ""finance"": ""banking77"", ""healthcare"": ""icliniq""}",35603,4.5,0.9788,0.0042,0.6138,0.276,0.9805,0.0111,0.8577,0.8882,0.839,0.856,0.968,0.8317,0.852,0.9539,0.9169,0.8727,
20260819_181222,v2,xgb,mini,2,"{""law"": ""legal_qa_v1"", ""finance"": ""fin_instruct"", ""healthcare"": ""medquad""}",35573,4.4,0.8113,0.0723,0.7729,0.2171,0.966,0.0307,0.8501,0.9327,0.8732,0.885,0.99,0.9708,0.945,0.9529,0.9119,0.8895,
20260819_181227,v2,xgb,mini,3,"{""law"": ""legal_qa_ib"", ""finance"": ""reddit_finance"", ""healthcare"": ""med_flashcards""}",35929,4.6,0.9591,0.0191,0.498,0.2198,0.8021,0.1852,0.7531,0.8936,0.8732,0.877,0.978,0.8004,0.865,0.9619,0.8999,0.8174,
